BackendServerUrl,ExternalUrl,Name
https://prtraining2.infotechfl.com:444/,https://prtraining2.infotechfl.com/,GenTrn2
https://prtraining2.infotechfl.com:1444/AuthModelsHost/AuthModelService.svc/,https://prtraining2.infotechfl.com:1444/AuthModelsHost/AuthModelService.svc/,GenTrn2 - AuthModel
https://pr301-northcarolina.infotechfl.com/,https://pr301-northcarolina.infotechfl.com/,pr301-northcarolina.infotechfl.com
https://pr301-northcarolina.infotechfl.com:1443/AuthModelsHost/AuthModelService.svc/,https://pr301-northcarolina.infotechfl.com:1443/AuthModelsHost/AuthModelService.svc/,pr301-northcarolina.infotechfl.com -AuthModel
https://prtraining1.infotechfl.com:1443/AuthModelsHost/AuthModelService.svc/,https://prtraining1.infotechfl.com:1443/AuthModelsHost/AuthModelService.svc/,GenTrn1 - AuthModel
https://prtraining3.infotechfl.com:446/,https://prtraining3.infotechfl.com/,GenTrn3
https://prtraining3.infotechfl.com:1445/AuthModelsHost/AuthModelService.svc/,https://prtraining3.infotechfl.com:1445/AuthModelsHost/AuthModelService.svc/,GenTrn3 - AuthModel
https://prtraining4.infotechfl.com:447/,https://prtraining4.infotechfl.com/,GenTrn4
https://prtraining4.infotechfl.com:1447/AuthModelsHost/AuthModelService.svc/,https://prtraining4.infotechfl.com:1447/AuthModelsHost/AuthModelService.svc/,GenTrn4 - AuthModel
https://prtraining40a.infotechfl.com:444/,https://prtraining40a.infotechfl.com/,Gentrn40a
https://prtraining40a.infotechfl.com:1444/AuthModelsHost/AuthModelService.svc/,https://prtraining40a.infotechfl.com:1444/AuthModelsHost/AuthModelService.svc/,Gentrn40a - AuthModel
https://prtraining40a.infotechfl.com:446/,https://prtraining40b.infotechfl.com/,Gentrn40b
https://prtraining40b.infotechfl.com:1446/AuthModelsHost/AuthModelService.svc/,https://prtraining40b.infotechfl.com:1446/AuthModelsHost/AuthModelService.svc/,Gentrn40b - AuthModel
https://prtrainingav.infotechfl.com/,https://prtrainingav.infotechfl.com/,GentrnAV
https://prtrainingav.infotechfl.com:1443/AuthModelsHost/AuthModelService.svc/,https://prtrainingav.infotechfl.com:1443/AuthModelsHost/AuthModelService.svc/,GentrnAV - AuthModel
https://pragencytraining.infotechfl.com/,https://pragencytraining.infotechfl.com/,pragencytraining.infotechfl.com
https://pragencytraining.infotechfl.com:1443/AuthModelsHost/AuthModelService.svc/,https://pragencytraining.infotechfl.com:1443/AuthModelsHost/AuthModelService.svc/,pragencytraining.infotechfl.com -AuthModel
https://prtraining2.infotechfl.com:4443/,https://prtraining2.infotechfl.com:4443/,GenTrn2 Under Construction
https://pr-michigan.infotechfl.com/,https://pr-michigan.infotechfl.com/,pr-michigan.infotechfl.com
https://pr-michigan.infotechfl.com:1443/AuthModelsHost/AuthModelService.svc/,https://pr-michigan.infotechfl.com:1443/AuthModelsHost/AuthModelService.svc/,pr-michigan.infotechfl.com-AuthModel
https://pr301-wisconsindev.infotechfl.com/,https://pr301-wisconsindev.infotechfl.com/,pr301-wisconsindev.infotechfl.com
https://pr301-wisconsindev.infotechfl.com:1443/AuthModelsHost/AuthModelService.svc/,https://pr301-wisconsindev.infotechfl.com:1443/AuthModelsHost/AuthModelService.svc/,pr301-wisconsindev.infotechfl.com _AuthModel
https://prtraining41b.infotechfl.com/,https://prtraining41b.infotechfl.com/,GenTrn41b
https://prtraining41b.infotechfl.com:1444/AuthModelsHost/AuthModelService.svc/,https://prtraining41b.infotechfl.com:1444/AuthModelsHost/AuthModelService.svc/,GenTrn41b -AuthModel
https://prtraining41a.infotechfl.com/,https://prtraining41a.infotechfl.com/,GenTrn41a
https://prtraining41a.infotechfl.com:1443/AuthModelsHost/AuthModelService.svc/,https://prtraining41a.infotechfl.com:1443/AuthModelsHost/AuthModelService.svc/,GenTrn41a -AuthModel
https://commandalkon-ia.infotechfl.com/,https://commandalkon-ia.infotechfl.com/,commandalkon-ia.infotechfl.com
https://commandalkon-ia.infotechfl.com:1443/AuthModelsHost/AuthModelService.svc/,https://commandalkon-ia.infotechfl.com:1443/AuthModelsHost/AuthModelService.svc/,commandalkon-ia.infotechfl.com-AuthModel
https://mn-training.infotechfl.com/,https://mn-training.infotechfl.com/,MN-Training
https://mn-training.infotechfl.com:1443/AuthModelsHost/AuthModelService.svc/,https://mn-training.infotechfl.com:1443/AuthModelsHost/AuthModelService.svc/,MN-Training
https://txdot-preval.infotechfl.com/,https://txdot-preval.infotechfl.com/,txdot-preval.infotechfl.com
https://txdot-preval.infotechfl.com:1443/AuthModelsHost/AuthModelService.svc/,https://txdot-preval.infotechfl.com:1443/AuthModelsHost/AuthModelService.svc/,txdot-preval.infotechfl.com - AuthModel
https://pugavd.infotechfl.com/,https://pugavd.infotechfl.com/,pugavd.infotechfl.com
https://pugtraining42x.infotechfl.com:1443/AuthModelsHost/AuthModelService.svc/,https://pugtraining42x.infotechfl.com:1443/AuthModelsHost/AuthModelService.svc/,pugtraining42x.infotechfl.com -AuthModel
https://awp42smk.infotechfl.com/,https://awp42smk.infotechfl.com/,awp42smk.infotechfl.com
https://pugtraining42amsalt.infotechfl.com:1443/AuthModelsHost/AuthModelService.svc/,https://pugtraining42ams.infotechfl.com/AuthModelsHost/AuthModelService.svc/,pugtraining42ams.infotechfl.com -OData -AMS
https://pug44a.infotechfl.com/,https://pug44a.infotechfl.com/,pug44a.infotechfl.com
https://pug44b.infotechfl.com/,https://pug44b.infotechfl.com/,pug44b.infotechfl.com
https://pug44b.infotechfl.com:1443/AuthModelService.svc/,https://pug44b.infotechfl.com:1443/AuthModelService.svc/,pug44b.infotechfl.com -AuthMod
https://pug44a.infotechfl.com:1443/AuthModelService.svc/,https://pug44a.infotechfl.com:1443/AuthModelService.svc/,pug44a.infotechfl.com-AuthModel v3
https://pug44a.infotechfl.com:1444/,https://pug44a.infotechfl.com:1444/,pug44a.infotechfl.com-AuthModel v4
https://pug44c.infotechfl.com/,https://pug44c.infotechfl.com/,pug44c.infotechfl.com
https://pug44d.infotechfl.com/,https://pug44d.infotechfl.com/,pug44d.infotechfl.com
https://pug44e.infotechfl.com/,https://pug44e.infotechfl.com/,pug44e.infotechfl.com
https://pug44c.infotechfl.com:1443/AuthModelService.svc/,https://pug44c.infotechfl.com:1443/AuthModelService.svc/,pug44c.infotechfl.com-AuthModel v3
https://pug44c.infotechfl.com:1444/,https://pug44c.infotechfl.com:1444/,pug44c.infotechfl.com-AuthModel v4
https://pug44e.infotechfl.com:1443/AuthModelService.svc/,https://pug44e.infotechfl.com:1443/AuthModelService.svc/,pug44e.infotechfl.com-AuthModel v3
https://pug44e.infotechfl.com:1444/,https://pug44e.infotechfl.com:1444/,pug44e.infotechfl.com-AuthModel v4
https://pug44d.infotechfl.com:1443/AuthModelService.svc/,https://pug44d.infotechfl.com:1443/AuthModelService.svc/,pug44d.infotechfl.com-AuthModel v3
https://pug44d.infotechfl.com:1444/,https://pug44d.infotechfl.com:1444/,pug44d.infotechfl.com-AuthModel v4
https://beta-oh.infotechfl.com/,https://beta-oh.infotechfl.com/,beta-oh.infotechfl.com
https://beta-mt.infotechfl.com/,https://beta-mt.infotechfl.com/,beta-mt.infotechfl.com
https://beta-oh.infotechfl.com:1443/AuthModelService.svc/,https://beta-oh.infotechfl.com:1443/AuthModelService.svc/,beta-oh.infotechfl.com-AuthModel-beta
https://beta-mt.infotechfl.com:1443/AuthModelService.svc/,https://beta-mt.infotechfl.com:1443/AuthModelService.svc/,beta-mt.infotechfl.com-AuthModel-beta
https://prtraining44a.infotechfl.com/,https://prtraining44a.infotechfl.com/,GenTrn44a
https://prtraining44a.infotechfl.com:1443/AuthModelService.svc/,https://prtraining44a.infotechfl.com:1443/AuthModelService.svc/,GenTrn44a -AuthModel
https://prtraining44b.infotechfl.com/,https://prtraining44b.infotechfl.com/,GenTrn44b
https://prtraining44b.infotechfl.com:1444/AuthModelService.svc/,https://prtraining44b.infotechfl.com:1444/AuthModelService.svc/,GenTrn44b -AuthModel
https://prtraining44c.infotechfl.com/,https://prtraining44c.infotechfl.com/,GenTrn44c
https://prtraining44c.infotechfl.com:1445/AuthModelService.svc/,https://prtraining44c.infotechfl.com:1445/AuthModelService.svc/,GenTrn44c -AuthModel
https://prtraining1.infotechfl.com/,https://prtraining1.infotechfl.com/,GenTrn1
https://prtraining1.infotechfl.com:1448/,https://prtraining1.infotechfl.com:1448/,GenTrn1-1448
https://prtraining1.infotechfl.com:1449/,https://prtraining1.infotechfl.com:1449/,GenTrn1-1449
https://prtraining1.infotechfl.com:1450/,https://prtraining1.infotechfl.com:1450/,GenTrn1-1450
https://prtraining1.infotechfl.com:1451/,https://prtraining1.infotechfl.com:1451/,GenTrn1-1451
https://prtraining1.infotechfl.com:1452/,https://prtraining1.infotechfl.com:1452/,GenTrn1-1452
https://prtraining1.infotechfl.com:1453/,https://prtraining1.infotechfl.com:1453/,GenTrn1-1453
https://prtraining1.infotechfl.com:1454/,https://prtraining1.infotechfl.com:1454/,GenTrn1-1454
https://prtraining45d.infotechfl.com/,https://prtraining45d.infotechfl.com/,GenTrn45d
https://prtraining45d.infotechfl.com:1443/AuthModelService.svc/,https://prtraining45d.infotechfl.com:1443/AuthModelService.svc/,GenTrn45d -AuthModel
https://prtraining45e.infotechfl.com/,https://prtraining45e.infotechfl.com/,GenTrn45e
https://prtraining45e.infotechfl.com:1444/AuthModelService.svc/,https://prtraining45e.infotechfl.com:1444/AuthModelService.svc/,GenTrn45e -AuthModel
https://prtraining45f.infotechfl.com/,https://prtraining45f.infotechfl.com/,GenTrn45f
https://prtraining45f.infotechfl.com:1445/AuthModelsHost/AuthModelService.svc/,https://prtraining45f.infotechfl.com:1445/AuthModelsHost/AuthModelService.svc/,GenTrn45f-AuthModel
https://beta-mt.infotechfl.com:1444/,https://beta-mt.infotechfl.com:1444/,beta-mt.infotechfl.com-AMSv4
https://beta-oh.infotechfl.com:1444/,https://beta-oh.infotechfl.com:1444/,beta-oh.infotechfl.com-AMSv4
https://ohiodot-pr-uat-clone.infotechfl.com/,https://ohiodot-pr-uat-clone.infotechfl.com/,Signet Ohio Project UAT
https://ohiodot-pr-uat-clone-amsv3.infotechfl.com/,https://ohiodot-pr-uat-clone-amsv3.infotechfl.com/,Signet Ohio Project UAT
